Logiciel privateur,Logiciel libre,logicielprivateur,logiciellibre
Balotilo,Belenios,balotilo,belenios
Amazon,ABStock,amazon,abstock
Youtube,Freetube,youtube,freetube
Apple iCloud,Owncloud,appleicloud,owncloud
Internet Explorer,Falkon,internetexplorer,falkon
virtualbox,DarkMoon,virtualbox,darkmoon
Unity2D,Godot,unity2d,godot
Ancestrologie,Ancestris,ancestrologie,ancestris
Oracle,PostgreSQL,oracle,postgresql
Emby,Jellyfin,emby,jellyfin
MacOS,XubEcol,macos,xubecol
Co-libris,Koha,colibris,koha
Notepad,Notepad++,notepad,notepad
lastpass,KeeWeb,lastpass,keeweb
jamboard,Tableaunoir,jamboard,tableaunoir
Asaana,OpenProject,asaana,openproject
fortinet,DynFi Firewall,fortinet,dynfifirewall
Internet Explorer,Beaker,internetexplorer,beaker
Apple Safari,Brave,applesafari,brave
Slack,Twake,slack,twake
Généatique,Gramps,geneatique,gramps
DynamoDB,MongoDB,dynamodb,mongodb
BlackMagic Design Fusion,Natron,blackmagicdesignfusion,natron
Ulysses,Standard Notes,ulysses,standardnotes
IBM LotusNote,Evolution,ibmlotusnote,evolution
iMuse,Algem,imuse,algem
Wunderlist,Sleek,wunderlist,sleek
WhatsApp,Blabber.im,whatsapp,blabberim
Xchat,HexChat,xchat,hexchat
Hotmail,Roundcube,hotmail,roundcube
PowerAMC,Katyusha! MCD,poweramc,katyushamcd
WeTransfer,Lufi,wetransfer,lufi
BitTorrent,Deluge,bittorrent,deluge
Essential anatomy,Z-Anatomy,essentialanatomy,zanatomy
ios,Replicant,ios,replicant
Evernote,Turtl,evernote,turtl
TYPO,MODx,typo,modx
Colonization,FreeCol,colonization,freecol
WinGenealogic,Ancestromania,wingenealogic,ancestromania
DejaVu,OmegaT,dejavu,omegat
clip studio paint,Krita,clipstudiopaint,krita
Rhapsodie,Algem,rhapsodie,algem
Microsoft Windows,XubEcol,microsoftwindows,xubecol
Microsoft Office,OnlyOffice,microsoftoffice,onlyoffice
CIEL,Dolibarr ERP CRM,ciel,dolibarrerpcrm
Microsoft Paint,Pinta,microsoftpaint,pinta
1Money,My Expenses (Mes dépenses),1money,myexpensesmesdepenses
Adobe Illustrator,Inkscape,adobeillustrator,inkscape
Vanilla,FluxBB,vanilla,fluxbb
Amazon,OpenBazaar,amazon,openbazaar
Asana,Mycollab,asana,mycollab
Microsoft To-Do,To Do,microsofttodo,todo
Chrome,Beaker,chrome,beaker
Invision Community,Flarum,invisioncommunity,flarum
Serviio media server,Universal Media Server,serviiomediaserver,universalmediaserver
Adventure Game Studio,Blade Coder Engine,adventuregamestudio,bladecoderengine
Google Docs,LimeSurvey,googledocs,limesurvey
XenForo,Flarum,xenforo,flarum
Google Drive,Agora-Project,googledrive,agoraproject
Visible Body,Z-Anatomy,visiblebody,zanatomy
Evernote,StackEdit,evernote,stackedit
vituixcad,QSpeakers,vituixcad,qspeakers
Edge,Brave,edge,brave
yooz,Noalyss,yooz,noalyss
Google calendar,Agorakit,googlecalendar,agorakit
PowerISO,WinCDEmu,poweriso,wincdemu
Oracle Enterprise Manager Database Management,DBeaver,oracleenterprisemanagerdatabasemanagement,dbeaver
SyncToy,FreeFileSync,synctoy,freefilesync
Sublime Text,Neovim,sublimetext,neovim
Evernote,Tomboy,evernote,tomboy
Todoist,Vikunja,todoist,vikunja
Sublime Text,Atom,sublimetext,atom
Notepad,GNU Emacs,notepad,gnuemacs
Photofiltre,PhotoFlare,photofiltre,photoflare
Chrome,Epiphany Browser et Toolkit,chrome,epiphanybrowserettoolkit
Microsoft Windows,Fedora,microsoftwindows,fedora
Microsoft Outlook,Roundcube,microsoftoutlook,roundcube
Maxsea,OpenCPN,maxsea,opencpn
trello,system-d.org,trello,systemdorg
Moneydance,MoneyManager Ex,moneydance,moneymanagerex
Oracle Database,PostgreSQL,oracledatabase,postgresql
Messenger,Conversations,messenger,conversations
Microsoft Office,Topaze,microsoftoffice,topaze
Internet Explorer,Cliqz,internetexplorer,cliqz
Google Hangouts,Cwtch,googlehangouts,cwtch
Notepad,Notepad++,notepad,notepad
iPhoto,Shotwell,iphoto,shotwell
OneNote,Joplin,onenote,joplin
Prezi,Sozi,prezi,sozi
PVA Instrumento,UniConvertor,pvainstrumento,uniconvertor
Skype,MongooseIM,skype,mongooseim
3DF Zephyr,AliceVision Meshroom,3dfzephyr,alicevisionmeshroom
Adobe Acrobat Pro,Scribus,adobeacrobatpro,scribus
Microsoft Windows,Tails,microsoftwindows,tails
Roxio,Burn,roxio,burn
Spotify,Ferment,spotify,ferment
Instagram,PixelFed,instagram,pixelfed
Prezi,Synfig,prezi,synfig
LightCMS,Soosyze,lightcms,soosyze
WhatsApp,Jami,whatsapp,jami
hornresp,QSpeakers,hornresp,qspeakers
CDDB,MusicBrainz Database,cddb,musicbrainzdatabase
Todoist,To Do,todoist,todo
Flora,PMB,flora,pmb
Google Chrome,Firefox,googlechrome,firefox
Youtube,PeerTube,youtube,peertube
EndNote,Zotero,endnote,zotero
Facebook Messenger,Cwtch,facebookmessenger,cwtch
Adobe Acrobat Reader,Okular,adobeacrobatreader,okular
Picasa,DigiKam,picasa,digikam
RomStation,GNOME Games,romstation,gnomegames
Monday,OpenProject,monday,openproject
Bureau à distance (Windows),X2Go,bureauadistancewindows,x2go
EndNote,Docear,endnote,docear
Github,Fossil,github,fossil
Deezer,Funkwhale,deezer,funkwhale
iMessage,Cwtch,imessage,cwtch
Microsoft Office,Scenari,microsoftoffice,scenari
Avast,ClamAV,avast,clamav
Remenberthemilk,Orgmode,remenberthemilk,orgmode
Oracle Enterprise Manager Database Management,PostgreSQL,oracleenterprisemanagerdatabasemanagement,postgresql
Salle de Classe,ENTBox,salledeclasse,entbox
Google Maps,OpenStreetMap,googlemaps,openstreetmap
Darts connect,pyDarts,dartsconnect,pydarts
Soundcloud,Funkwhale,soundcloud,funkwhale
Ableton Live,Linux Show Player,abletonlive,linuxshowplayer
WhatsApp,MongooseIM,whatsapp,mongooseim
CAST3M,Salome-Meca,cast3m,salomemeca
Apple Safari,Otter,applesafari,otter
MediaCoder,Miro Video Converter,mediacoder,mirovideoconverter
DYDU,Tock,dydu,tock
1password,KeepassXC,1password,keepassxc
Microsoft Windows,Ubuntu,microsoftwindows,ubuntu
squarespace,Silex,squarespace,silex
Microsoft Office,Canoprof,microsoftoffice,canoprof
Facebook,Mobilizon,facebook,mobilizon
Nexuiz par Illfonic,Xonotic,nexuizparillfonic,xonotic
lastpass,KeepassX,lastpass,keepassx
Google Docs,Etherpad,googledocs,etherpad
OneNote,Tiro Notes,onenote,tironotes
Orphée,Waterbear,orphee,waterbear
WhatsApp,Brie.fi/ng,whatsapp,briefing
Google Chrome,NetSurf,googlechrome,netsurf
Adobe Dreamweaver,Silex,adobedreamweaver,silex
euro,Silkaj,euro,silkaj
BitTorrent,Vuze,bittorrent,vuze
Rate Your Music,MusicBrainz Database,rateyourmusic,musicbrainzdatabase
Prezi,MARP,prezi,marp
microsoft team,eXo Platform,microsoftteam,exoplatform
Youtube,Minitube,youtube,minitube
Apple MDM,OCS Inventory,applemdm,ocsinventory
Adobe Acrobat Pro,PDF Sam Basic,adobeacrobatpro,pdfsambasic
Internet Explorer,Dillo,internetexplorer,dillo
Keepeek,Piwigo,keepeek,piwigo
Microsoft OneDrive,Syncthing,microsoftonedrive,syncthing
CorelDraw,Projet SK1,coreldraw,projetsk1
Facebook Messenger,Signal,facebookmessenger,signal
TextMate,ReText,textmate,retext
Windows Media Center,Kodi,windowsmediacenter,kodi
Internet Explorer,Firefox,internetexplorer,firefox
Discogs,MusicBrainz Database,discogs,musicbrainzdatabase
Microsoft OneDrive,Seafile,microsoftonedrive,seafile
Monnaie dette : Euro,Silkaj,monnaiedetteeuro,silkaj
Cubase,Linux Show Player,cubase,linuxshowplayer
MacOS,Ubuntu Studio,macos,ubuntustudio
Windows Media Player,Amarok,windowsmediaplayer,amarok
The GodFather,MusicBrainz Picard,thegodfather,musicbrainzpicard
synthèse logique RTL,Yosys,syntheselogiquertl,yosys
Google Drive,OnlyOffice,googledrive,onlyoffice
Google Keep,Swiftnotes,googlekeep,swiftnotes
PDF-XChange,Okular,pdfxchange,okular
Clevy,Tock,clevy,tock
Microsoft Word,Dokiel,microsoftword,dokiel
eviews,Rstudio,eviews,rstudio
Age of Empires,0 A.D.,ageofempires,0ad
WinFamily,Gramps,winfamily,gramps
Wunderlist,Orgmode,wunderlist,orgmode
Prezi,Strut,prezi,strut
isamarge,ekylibre,isamarge,ekylibre
Fluicity,Decidim,fluicity,decidim
Hugo,,hugo,
Google Drive,Minio,googledrive,minio
Notepad,Kakoune,notepad,kakoune
Google Keep,Todo.txt,googlekeep,todotxt
Microsoft Flight Simulator X,Flightgear,microsoftflightsimulatorx,flightgear
Microsoft Access,NSBase,microsoftaccess,nsbase
MoneyWell,MoneyManager Ex,moneywell,moneymanagerex
Microsoft Office,OOo4Kids,microsoftoffice,ooo4kids
WeTransfer,Firefox Send,wetransfer,firefoxsend
DNS Changer,DNS66,dnschanger,dns66
Super Backup & Restore,Oandbackup,superbackuprestore,oandbackup
ANSYS Workbench,Salome,ansysworkbench,salome
Lightworks,Cinelerra,lightworks,cinelerra
Markdownpad,Ghostwriter,markdownpad,ghostwriter
Twitter,GNU social,twitter,gnusocial
Spotify,Castopod,spotify,castopod
Internet Explorer,surf,internetexplorer,surf
Slack,Rocket.Chat,slack,rocketchat
Origin,Lutris,origin,lutris
Pocket,wallabag,pocket,wallabag
Canvas,Chamilo,canvas,chamilo
logiquiz,,logiquiz,
Microsoft Project,GanttProject,microsoftproject,ganttproject
JMerise,Katyusha! MCD,jmerise,katyushamcd
CIEL,Grisbi,ciel,grisbi
Google Keep,marknotes,googlekeep,marknotes
MacOS,Aciah-Linux,macos,aciahlinux
Apple Safari,Cliqz,applesafari,cliqz
Microsoft Windows,Gentoo,microsoftwindows,gentoo
Qupzilla,Falkon,qupzilla,falkon
LayoutEditor,KLayout,layouteditor,klayout
La ruche qui dit oui,AmapJ,laruchequiditoui,amapj
Wordpress,Deltacms,wordpress,deltacms
Microsoft Windows,Pop!_OS,microsoftwindows,popos
hootsuite,Rambox,hootsuite,rambox
Scrivener,Manuskript,scrivener,manuskript
Sharks Cove,Raspberry Pi,sharkscove,raspberrypi
QLab,i-score,qlab,iscore
Microsoft Windows,Mageia,microsoftwindows,mageia
SMART Notebook,OpenBoard,smartnotebook,openboard
XenForo,FluxBB,xenforo,fluxbb
Firefox,,firefox,
Odoo,Tryton,odoo,tryton
tabletop simulator,TaToGE,tabletopsimulator,tatoge
Microsoft Windows,Replicant,microsoftwindows,replicant
microsoft team,system-d.org,microsoftteam,systemdorg
Hubzilla,Friendica,hubzilla,friendica
Google Chrome,Chromium,googlechrome,chromium
MacOS,Solus,macos,solus
Quake,Xonotic,quake,xonotic
Remedy (BMC Software),GLPI,remedybmcsoftware,glpi
Mathematica,SageMath,mathematica,sagemath
Ancestrologie,Gramps,ancestrologie,gramps
Nero,balenaEtcher,nero,balenaetcher
Windows Phone,/e/,windowsphone,e
Facebook Messenger,Blabber.im,facebookmessenger,blabberim
Filemaker Access,SYMPHYTUM,filemakeraccess,symphytum
Planetary Annihilation,Spring Engine,planetaryannihilation,springengine
Messenger,Cwtch,messenger,cwtch
Microsoft SQL Server,MariaDB,microsoftsqlserver,mariadb
Facebook Messenger,Gajim,facebookmessenger,gajim
Adobe Acrobat Reader,Xpdf,adobeacrobatreader,xpdf
Slack,eXo Platform,slack,exoplatform
Microsoft Windows,Solus,microsoftwindows,solus
Dropbox,Tracim,dropbox,tracim
stopmotion,Tupi,stopmotion,tupi
Hubzilla,Diaspora*,hubzilla,diaspora
Google Keep,Brainstorm,googlekeep,brainstorm
Evernote,QOwnNotes,evernote,qownnotes
winamp,Clementine,winamp,clementine
PDFelement,,pdfelement,
jimdo,Silex,jimdo,silex
FreeCommander  Exploreur Nautilus,muCommander,freecommanderexploreurnautilus,mucommander
Monitis,Monitoshi,monitis,monitoshi
Microsoft Windows,Emmabuntüs,microsoftwindows,emmabuntus
Resilio Sync,Seafile,resiliosync,seafile
Microsoft Project,Lessy,microsoftproject,lessy
Facebook Messenger,Blabber.im,facebookmessenger,blabberim
Vegas Pro,Kdenlive,vegaspro,kdenlive
Vimeo,PeerTube,vimeo,peertube
Google Docs,ShareLaTeX,googledocs,sharelatex
RealityCapture,AliceVision Meshroom,realitycapture,alicevisionmeshroom
Google Chrome,qutebrowser,googlechrome,qutebrowser
Microsoft Outlook,Trojitá,microsoftoutlook,trojita
ServiceNow,GLPI,servicenow,glpi
Raspberry Pi Control,Raspi Check,raspberrypicontrol,raspicheck
MonkeyJam,Tupi,monkeyjam,tupi
Google Chrome,Pale Moon,googlechrome,palemoon
TeamViewer,HopToDesk,teamviewer,hoptodesk
Notepad,FocusWriter,notepad,focuswriter
Google Docs,Owncloud,googledocs,owncloud
mailchimp,wassup,mailchimp,wassup
tempomail,erine.email,tempomail,erineemail
Divalto,Apache OFBiz,divalto,apacheofbiz
tricount,Tricky Tripper,tricount,trickytripper
fortinet,DynFi Firewall,fortinet,dynfifirewall
Bring,,bring,
Cubase,Ardour,cubase,ardour
Maxthon,Pale Moon,maxthon,palemoon
Ancestrologie,Ancestromania,ancestrologie,ancestromania
jetable.org,erine.email,jetableorg,erineemail
Notepad,Geany,notepad,geany
trello,Gnome Planner,trello,gnomeplanner
Interwrite Workspace,OpenBoard,interwriteworkspace,openboard
Gboard,FlorisBoard,gboard,florisboard
Microsoft VisualStudio,Neovim,microsoftvisualstudio,neovim
Microsoft Word,Canoprof,microsoftword,canoprof
1password,Password Safe,1password,passwordsafe
Google Apps,Sandstorm,googleapps,sandstorm
coldfusion,Spip,coldfusion,spip
Twitter,Twister,twitter,twister
OneNote,Goozzee,onenote,goozzee
Google Talk,Dino,googletalk,dino
f.lux,Redshift,flux,redshift
MySQL,MariaDB,mysql,mariadb
Microsoft SwiftKey,FlorisBoard,microsoftswiftkey,florisboard
Firebase,Kuzzle,firebase,kuzzle
Google Photos,Lychee,googlephotos,lychee
Microsoft Money,Yapbam,microsoftmoney,yapbam
VMWARE VSPHERE,ProxMox Virtual Environnement,vmwarevsphere,proxmoxvirtualenvironnement
Delphi,Lazarus,delphi,lazarus
Philcarto,Khartis,philcarto,khartis
Microsoft Edge,surf,microsoftedge,surf
NoRoot Firewall,NetGuard,norootfirewall,netguard
Atlas.ti,QualCoder,atlasti,qualcoder
Twitter,Pleroma,twitter,pleroma
Architecte 3D,Sweet Home 3D,architecte3d,sweethome3d
Evernote,Tiro Notes,evernote,tironotes
Vimeo,ESUP Pod,vimeo,esuppod
curiouscat.me,Retrospring,curiouscatme,retrospring
OneNote,StackEdit,onenote,stackedit
ip table,DynFi Firewall,iptable,dynfifirewall
Paint.net,Pinta,paintnet,pinta
Google Apps,Simple Contacts Pro,googleapps,simplecontactspro
Google groups,Agora-Project,googlegroups,agoraproject
jira,Tuleap,jira,tuleap
Personal Ancestry File,Ancestris,personalancestryfile,ancestris
DialogFlow,Tock,dialogflow,tock
Quake,Quetoo,quake,quetoo
Oracle NoSQL,MongoDB,oraclenosql,mongodb
SAP,Tryton,sap,tryton
Hands Off!,Lulu,handsoff,lulu
Maple,SageMath,maple,sagemath
Scrivener,Bibisco,scrivener,bibisco
1password,KeepassX,1password,keepassx
Microsoft Word,Opale,microsoftword,opale
Pixelmator,MyPaint,pixelmator,mypaint
Installer,eXist-db,installer,existdb
SCCM,WAPT,sccm,wapt
Spyder,Colorhug2,spyder,colorhug2
axure,Pencil Project,axure,pencilproject
WhatsApp,Dino,whatsapp,dino
SAP,Apache OFBiz,sap,apacheofbiz
Angry Bird,apple flinger,angrybird,appleflinger
PDFelement,,pdfelement,
WeTransfer,OnionShare,wetransfer,onionshare
ApowerMirror,,apowermirror,
Google Docs,Etherpad,googledocs,etherpad
War Commander,Spring Engine,warcommander,springengine
Cap Collectif,Emendare,capcollectif,emendare
Photos,ImageGlass,photos,imageglass
Odeon,I-Simpa,odeon,isimpa
Gboard,Openboard,gboard,openboard
echofon,Twidere,echofon,twidere
Apple Safari,Tor Browser,applesafari,torbrowser
BigTable,MongoDB,bigtable,mongodb
leavedays,Libertempo,leavedays,libertempo
WhatsApp,Wire,whatsapp,wire
Clavier ISO,TouLi,clavieriso,touli
Todoist,Todo.txt,todoist,todotxt
Youtube,ESUP Pod,youtube,esuppod
Internet Explorer,surf,internetexplorer,surf
Internet Explorer,luakit,internetexplorer,luakit
Transifex,Weblate,transifex,weblate
Mindomo,Minder,mindomo,minder
Google Search,Spot,googlesearch,spot
Microsoft Office,Optim Office,microsoftoffice,optimoffice
Biodigital human,Z-Anatomy,biodigitalhuman,zanatomy
Office 365,Etherpad,office365,etherpad
Google Keep,Turtl,googlekeep,turtl
secureprint,savapage,secureprint,savapage
Microsoft Office,Dokiel,microsoftoffice,dokiel
MacOS,Xubuntu,macos,xubuntu
Windows Media Player,MPC-HC,windowsmediaplayer,mpchc
Google Maps,Leaflet,googlemaps,leaflet
Microsoft Office,OnlyOffice,microsoftoffice,onlyoffice
crowdfire,Rambox,crowdfire,rambox
Avid,Cinelerra,avid,cinelerra
Second Life viewer,Firestorm,secondlifeviewer,firestorm
Linksys,OpenWrt,linksys,openwrt
Microsoft Publisher,LibreOffice Draw,microsoftpublisher,libreofficedraw
One Drive,Cozy,onedrive,cozy
Windows Media Player,Quod Libet,windowsmediaplayer,quodlibet
crazymailing.com,emailPoubelle,crazymailingcom,emailpoubelle
Matlab,Gmsh,matlab,gmsh
PopLab,wopits,poplab,wopits
ProTrainer,Klavaro,protrainer,klavaro
Google Hangouts,Conversations,googlehangouts,conversations
Adobe Illustrator,Inkscape,adobeillustrator,inkscape
Facebook Messenger,Cryptocat,facebookmessenger,cryptocat
twitterrific,Twidere,twitterrific,twidere
DialogFlow,Tock,dialogflow,tock
ip table,DynFi Firewall,iptable,dynfifirewall
sugarcrm,Vtiger CRM,sugarcrm,vtigercrm
Google Docs,OnlyOffice,googledocs,onlyoffice
Snagit,vokoscreenNG,snagit,vokoscreenng
eviews,R,eviews,r
novamind,Vym,novamind,vym
Microsoft Outlook,Evolution,microsoftoutlook,evolution
Netvibes,Leed,netvibes,leed
magrit,Khartis,magrit,khartis
lastpass,Password Safe,lastpass,passwordsafe
Ease,I-Simpa,ease,isimpa
Gmail,Roundcube,gmail,roundcube
HipChat,MongooseIM,hipchat,mongooseim
Opera,Falkon,opera,falkon
Ello,Diaspora*,ello,diaspora
Google Hangouts,Signal,googlehangouts,signal
GameMaker Studio,Godot,gamemakerstudio,godot
Skype,Cryptocat,skype,cryptocat
WeChat,Signal,wechat,signal
Jeedom,Yadoms,jeedom,yadoms
Spotify,Funkwhale,spotify,funkwhale
Microsoft Edge,Firefox,microsoftedge,firefox
ES File Explorer,Ghost Commander,esfileexplorer,ghostcommander
PyCharm,vim,pycharm,vim
Feedly,FreshRSS,feedly,freshrss
Adobe Acrobat Reader,MuPDF,adobeacrobatreader,mupdf
Camstudio,OBS studio,camstudio,obsstudio
ezvid,Peek,ezvid,peek
WhatsApp,Blabber.im,whatsapp,blabberim
Xtorrent,Deluge,xtorrent,deluge
Complete anatomy,Z-Anatomy,completeanatomy,zanatomy
JAWS,NVDA,jaws,nvda
TechSmith Capture,vokoscreenNG,techsmithcapture,vokoscreenng
Out of Milk,Our Shopping List,outofmilk,ourshoppinglist
Affinity photo,GIMP UP,affinityphoto,gimpup
WhatsApp,Session,whatsapp,session
Google Maps,OsmAnd,googlemaps,osmand
OverTheBox,OpenMPTCProuter,overthebox,openmptcprouter
Orkis Ajaris,Piwigo,orkisajaris,piwigo
EBP,Dolibarr ERP CRM,ebp,dolibarrerpcrm
ANSYS Mechanical,Salome-Meca,ansysmechanical,salomemeca
Internet Explorer,Tor Browser,internetexplorer,torbrowser
Facebook,Friendica,facebook,friendica
Pixelmator,MyPaint,pixelmator,mypaint
WhatsApp,Conversations,whatsapp,conversations
One Drive,Owncloud,onedrive,owncloud
Microsoft Windows,openSUSE,microsoftwindows,opensuse
Sharks Cove,Raspberry Pi,sharkscove,raspberrypi
Adobe After Effects,Blender,adobeaftereffects,blender
Instagram,Bibliogram,instagram,bibliogram
Basecamp,Mycollab,basecamp,mycollab
Dropbox,Minio,dropbox,minio
Apple MDM,OCS Inventory,applemdm,ocsinventory
Opera,Epiphany Browser et Toolkit,opera,epiphanybrowserettoolkit
Google Docs,Owncloud,googledocs,owncloud
Internet Explorer,Falkon,internetexplorer,falkon
Catt-Acoustic,I-Simpa,cattacoustic,isimpa
Uplay,Lutris,uplay,lutris
Micro Machines,Yorg,micromachines,yorg
Microsoft Word,OnlyOffice,microsoftword,onlyoffice
Loomio,Belenios,loomio,belenios
Clarius,echOpen,clarius,echopen
Eventbrite,Mobilizon,eventbrite,mobilizon
Twilight,LightBulb,twilight,lightbulb
Dungeons of Dredmor,Pixel Dungeon,dungeonsofdredmor,pixeldungeon
ABBY PDF,PDF Sam Basic,abbypdf,pdfsambasic
MindMeister,Minder,mindmeister,minder
WhatsApp,Jami,whatsapp,jami
dokeos,Moodle,dokeos,moodle
Sage,XCas,sage,xcas
Feedly,Cyca,feedly,cyca
Pico,GNU nano,pico,gnunano
ZwiiCMS,,zwiicms,
SoulSeek,aMule,soulseek,amule
One Drive,Nextcloud,onedrive,nextcloud
BIOVIA Draw,Avogadro,bioviadraw,avogadro
winrar,Peazip,winrar,peazip
PostgreSQL,MariaDB,postgresql,mariadb
Jive,eXo Platform,jive,exoplatform
Orphea,Omeka,orphea,omeka
yopmail.com,emailPoubelle,yopmailcom,emailpoubelle
OneNote,marknotes,onenote,marknotes
CDisplayEx,MComix,cdisplayex,mcomix
WinDjView,Evince,windjview,evince
Google Forms,Belenios,googleforms,belenios
Flora,Waterbear,flora,waterbear
Filemaker,dato,filemaker,dato
Slack,Tracim,slack,tracim
NVivo,QualCoder,nvivo,qualcoder
Le Bon Coin,LeCoinDuProf,leboncoin,lecoinduprof
trello,wopits,trello,wopits
Hotmail,Tutanota,hotmail,tutanota
Business Object,ART,businessobject,art
Adresse mail fournie par votre FAI,Roundcube,adressemailfournieparvotrefai,roundcube
Borland,Lazarus,borland,lazarus
Norton,ClamAV,norton,clamav
Google Hangouts,Wire,googlehangouts,wire
Dailymotion,PeerTube,dailymotion,peertube
Yahoo,Spot,yahoo,spot
Microsoft Word,Orgmode,microsoftword,orgmode
Sublime Text,Visual Studio Code,sublimetext,visualstudiocode
Elite : Dangerous,Pioneer Spacesim,elitedangerous,pioneerspacesim
ImgBurn,Burn,imgburn,burn
Yuka,Open Food Facts,yuka,openfoodfacts
Microsoft Paint,MyPaint,microsoftpaint,mypaint
Webstrator,,webstrator,
festik,Pretix,festik,pretix
Sublime Text,Notepad++,sublimetext,notepad
cygwin,DarkMoon,cygwin,darkmoon
Musicole,Algem,musicole,algem
mindjet,Freeplane,mindjet,freeplane
µTorrent,FrostWire,utorrent,frostwire
Zuken cadstar,KiCAD,zukencadstar,kicad
Mullvad,GNUnet,mullvad,gnunet
Wunderlist,To Do,wunderlist,todo
Oculus Rift,Relativ : un casque de réalité virtuelle DIY,oculusrift,relativuncasquederealitevirtuellediy
Microsoft Office,Topaze,microsoftoffice,topaze
Dropbox,Seafile,dropbox,seafile
Microsoft Outlook,Sylpheed,microsoftoutlook,sylpheed
G Suite,Etherpad,gsuite,etherpad
Anki,Logiquiz,anki,logiquiz
Flash,Tupi,flash,tupi
Unreal Tournament,Xonotic,unrealtournament,xonotic
collabnet,Tuleap,collabnet,tuleap
Microsoft Paint,PhotoFlare,microsoftpaint,photoflare
WinDev,Lazarus,windev,lazarus
Windows Media Center,Universal Media Server,windowsmediacenter,universalmediaserver
Netvibes,Pétrolette,netvibes,petrolette
UltraEdit,Neovim,ultraedit,neovim
MacOS,Gentoo,macos,gentoo
iTunes,Audacious,itunes,audacious
Microsoft Windows,Xubuntu,microsoftwindows,xubuntu
Construct 2,GDevelop,construct2,gdevelop
Facebook Messenger,Session,facebookmessenger,session
bandicam,Peek,bandicam,peek
Alfred,Launchy,alfred,launchy
Lumi,,lumi,
Google Docs,Sandstorm,googledocs,sandstorm
Google calendar,system-d.org,googlecalendar,systemdorg
Ello,Framasphère,ello,framasphere
Toonz,Opentoonz (édition Dwango),toonz,opentoonzeditiondwango
Microsoft OneDrive,Minio,microsoftonedrive,minio
Sage,ERP ToManage,sage,erptomanage
ImageShack,Jirafeau,imageshack,jirafeau
Subs Factory,Aegisub,subsfactory,aegisub
Uniprint,savapage,uniprint,savapage
Unity2D,GDevelop,unity2d,gdevelop
Viber,Telegram,viber,telegram
Avaaz,Pytition,avaaz,pytition
Apple Safari,Chromium,applesafari,chromium
Invision Community,AsmBB,invisioncommunity,asmbb
SQL Server Management Studio (SSMS),DBeaver,sqlservermanagementstudiossms,dbeaver
Microsoft VisualStudio,Code::Blocks,microsoftvisualstudio,codeblocks
mycircle.tv,OpenTogetherTube,mycircletv,opentogethertube
Recuva,ext4magic,recuva,ext4magic
Ouya,Mednafen,ouya,mednafen
G Suite,Sandstorm,gsuite,sandstorm
tweetdeck,Rambox,tweetdeck,rambox
Quicken,MoneyManager Ex,quicken,moneymanagerex
Adobe Lightroom,LightZone,adobelightroom,lightzone
pfsense,OpenWrt,pfsense,openwrt
Onexpense,DoliSCAN,onexpense,doliscan
Blogspot,WordPress,blogspot,wordpress
Doom,Xonotic,doom,xonotic
Facebook Messenger,Dino,facebookmessenger,dino
MacOS,PrimTux,macos,primtux
Facebook,Diaspora*,facebook,diaspora
Adobe FreeHand,Projet SK1,adobefreehand,projetsk1
Asaana,OpenProject,asaana,openproject
f.lux,LightBulb,flux,lightbulb
Microsoft Excel,LibreOffice Calc,microsoftexcel,libreofficecalc
Google Analytics,Plausible Analycics,googleanalytics,plausibleanalycics
Microsoft Paint,Pinta,microsoftpaint,pinta
MacOS,Tails,macos,tails
Narrateur Windows,NVDA,narrateurwindows,nvda
euro-vote,GvoT,eurovote,gvot
LEDE,OpenWrt,lede,openwrt
Couchbase,Kuzzle,couchbase,kuzzle
WinFamily,Ancestromania,winfamily,ancestromania
Babelio,,babelio,
eZpublish,MODx,ezpublish,modx
WhatsApp,Telegram,whatsapp,telegram
Backendless,Kuzzle,backendless,kuzzle
Matlab,SageMath,matlab,sagemath
Migratio,Khartis,migratio,khartis
Généatique,Ancestromania,geneatique,ancestromania
Evernote,Zettlr,evernote,zettlr
Google Docs,OnlyOffice,googledocs,onlyoffice
f.lux,LightBulb,flux,lightbulb
MobiUS,echOpen,mobius,echopen
1password,KeePassDroid,1password,keepassdroid
WhatsApp,Signal,whatsapp,signal
Ciel Associations,Garradin,cielassociations,garradin
Daz Studio,MakeHuman,dazstudio,makehuman
Cyclos,Kohinos,cyclos,kohinos
Matlab,GNU Octave,matlab,gnuoctave
Microsoft Windows,elementary OS,microsoftwindows,elementaryos
Atom,Zettlr,atom,zettlr
Microsoft Access,dato,microsoftaccess,dato
WhatsApp,Cryptocat,whatsapp,cryptocat
Amazon Prime,Popcorn Time,amazonprime,popcorntime
Free Download,Framadrop,freedownload,framadrop
Google Docs,CryptPad,googledocs,cryptpad
Sublime Text,Geany,sublimetext,geany
Google Chrome,surf,googlechrome,surf
Google Analytics,Matomo,googleanalytics,matomo
UQLab,OpenTURNS,uqlab,openturns
Freshdesk,GLPI,freshdesk,glpi
Instapaper,wallabag,instapaper,wallabag
Deezer,Castopod,deezer,castopod
Quicken,GnuCash,quicken,gnucash
Microsoft Office,Dokiel,microsoftoffice,dokiel
BullsEye,pyDarts,bullseye,pydarts
vBulletin,FluxBB,vbulletin,fluxbb
HTC Vive,Relativ : un casque de réalité virtuelle DIY,htcvive,relativuncasquederealitevirtuellediy
Capture One Pro,RawTherapee,captureonepro,rawtherapee
Unreal Engine,Godot,unrealengine,godot
Samanage,OCS Inventory,samanage,ocsinventory
iTunes,Amarok,itunes,amarok
Snagit,ShareX,snagit,sharex
Google Photos,Piwigo,googlephotos,piwigo
Total Annihilation,Spring Engine,totalannihilation,springengine
Microsoft Office,LibreOffice des écoles,microsoftoffice,libreofficedesecoles
Abacus,Salome-Meca,abacus,salomemeca
Adobe Dreamweaver,Bluegriffon,adobedreamweaver,bluegriffon
Facebook,Agorakit,facebook,agorakit
groupes facebook,system-d.org,groupesfacebook,systemdorg
MacOS,Trisquel GNU/Linux,macos,trisquelgnulinux
stormshield,DynFi Firewall,stormshield,dynfifirewall
Download Accelerator,JDownloader,downloadaccelerator,jdownloader
Dropbox,Owncloud,dropbox,owncloud
Microsoft Office,Optim Office,microsoftoffice,optimoffice
UnDeuxTEMPS,flopEDT,undeuxtemps,flopedt
icecream screen recorder,Peek,icecreamscreenrecorder,peek
NetResult,Mautic,netresult,mautic
Traktor,Mixxx,traktor,mixxx
snapchat,Blabber.im,snapchat,blabberim
Google Drive,Tracim,googledrive,tracim
Dailymotion,ESUP Pod,dailymotion,esuppod
Second Life viewer,Singularity,secondlifeviewer,singularity
mIRC,HexChat,mirc,hexchat
Décalog,PMB,decalog,pmb
ABBYY FineReader,NormCap,abbyyfinereader,normcap
Windows Media Player,mpv,windowsmediaplayer,mpv
Sony Vegas Pro,Cinelerra,sonyvegaspro,cinelerra
Ciel Comptes Personnels,MoneyManager Ex,cielcomptespersonnels,moneymanagerex
Telegram,MongooseIM,telegram,mongooseim
Apple Safari,Beaker,applesafari,beaker
sugarcrm,SuiteCRM,sugarcrm,suitecrm
Simulink,MuPhyN,simulink,muphyn
DYDU,Tock,dydu,tock
µTorrent,Qbittorrent,utorrent,qbittorrent
Evernote,Basket,evernote,basket
Internet Explorer,Epiphany Browser et Toolkit,internetexplorer,epiphanybrowserettoolkit
Imgur,Plik,imgur,plik
MonkeyJam,Synfig,monkeyjam,synfig
Lino,wopits,lino,wopits
NSA,I2P,nsa,i2p
La ruche qui dit oui,Open Food Network,laruchequiditoui,openfoodnetwork
e-doceo,Claroline Connect,edoceo,clarolineconnect
Adobe Illustrator,Projet SK1,adobeillustrator,projetsk1
Sublime Text,vim,sublimetext,vim
Google Docs,Nextcloud,googledocs,nextcloud
winamp,Audacious,winamp,audacious
Windows Media Player,Amarok,windowsmediaplayer,amarok
Microsoft Office,Opale,microsoftoffice,opale
File Commander,Amaze,filecommander,amaze
Opera,qutebrowser,opera,qutebrowser
Firefox,,firefox,
memoQ,OmegaT,memoq,omegat
blogger,Soosyze,blogger,soosyze
uTorrent,,utorrent,
Discord,Wire,discord,wire
Oracle Database,MySQL,oracledatabase,mysql
MacOS,CentOs,macos,centos
Xiti,Matomo,xiti,matomo
Google Drive,Duplicati,googledrive,duplicati
Prezi,Tupi,prezi,tupi
Spyder,Colorhug+,spyder,colorhug
Roxio,InfraRecorder,roxio,infrarecorder
OpenAM,LemonLDAP::NG,openam,lemonldapng
PyCharm,Neovim,pycharm,neovim
ComicRack,Evince,comicrack,evince
Adobe Illustrator,Projet SK1,adobeillustrator,projetsk1
Opera,Cliqz,opera,cliqz
Github,Gitea,github,gitea
Bing,Spot,bing,spot
goo.gl,rs-short,googl,rsshort
Chrome,Brave,chrome,brave
Feedly,Tiny Tiny RSS,feedly,tinytinyrss
Lumify,echOpen,lumify,echopen
Windows Media Player,Audacious,windowsmediaplayer,audacious
Bring!,Our Shopping List,bring,ourshoppinglist
Internet Explorer,Epiphany Browser et Toolkit,internetexplorer,epiphanybrowserettoolkit
Internet Explorer,luakit,internetexplorer,luakit
Visio,diagrams.net,visio,diagramsnet
OS/2,ReactOS,os2,reactos
Microsoft Money,GnuCash,microsoftmoney,gnucash
Opera,Midori,opera,midori
Internet Explorer,Pale Moon,internetexplorer,palemoon
GoodReads,,goodreads,
Contao,MODx,contao,modx
Fracplanet,Geomorph,fracplanet,geomorph
Delphi,Free Pascal,delphi,freepascal
Office 365,Strut,office365,strut
Starcraft,Warzone 2100,starcraft,warzone2100
Zygote Body,Z-Anatomy,zygotebody,zanatomy
Simulink,Scilab,simulink,scilab
Github,Gogs,github,gogs
Google groups,Sympa,googlegroups,sympa
ComicBookLover,ComiXed,comicbooklover,comixed
Windows 10 Photos,ImageGlass,windows10photos,imageglass
Mail,Claws Mail,mail,clawsmail
WinEdt,Gummi,winedt,gummi
Email,K-9 Mail,email,k9mail
GetRight,JDownloader,getright,jdownloader
RealityCapture,AliceVision Meshroom,realitycapture,alicevisionmeshroom
OneNote,Zettlr,onenote,zettlr
Alfred,Wox,alfred,wox
X Muxer,UniConvertor,xmuxer,uniconvertor
SurveyMonkey,LimeSurvey,surveymonkey,limesurvey
v8te,GvoT,v8te,gvot
eXeLearning,Logiquiz,exelearning,logiquiz
MacOS,Ubuntu,macos,ubuntu
WhatsApp,Cwtch,whatsapp,cwtch
dashlane,LessPass,dashlane,lesspass
Minecraft,Minetest,minecraft,minetest
Apple iCloud,Nextcloud,appleicloud,nextcloud
Microsoft Windows,Manjaro Linux,microsoftwindows,manjarolinux
Google Play,Yalp Store,googleplay,yalpstore
Facebook Messenger,Gajim,facebookmessenger,gajim
stopmotion,Synfig,stopmotion,synfig
Stocard,Loyalty Card Keychain,stocard,loyaltycardkeychain
Unreal Engine,GDevelop,unrealengine,gdevelop
HackMD,HedgeDoc,hackmd,hedgedoc
Stata,R,stata,r
tweetbot,Twidere,tweetbot,twidere
Microsoft Project,Mycollab,microsoftproject,mycollab
Change,Pytition,change,pytition
wix,Silex,wix,silex
Facebook Messenger,Dino,facebookmessenger,dino
Manao,,manao,
Spendesk,DoliSCAN,spendesk,doliscan
BCDI,Waterbear,bcdi,waterbear
Chrome,luakit,chrome,luakit
ImageShack,Plik,imageshack,plik
flightradar24,FlightAirMap,flightradar24,flightairmap
time machine,Duplicati,timemachine,duplicati
Zoom,Brie.fi/ng,zoom,briefing
dokeos,Claroline Connect,dokeos,clarolineconnect
wix,Spip,wix,spip
Anki,Logiquiz,anki,logiquiz
COMSOL Multiphysics,Code_Aster,comsolmultiphysics,codeaster
Reverso,SimplyTranslate,reverso,simplytranslate
The Foundry Nuke,Natron,thefoundrynuke,natron
Microsoft PowerPoint,LibreOffice Impress,microsoftpowerpoint,libreofficeimpress
Scientific Workplace,Gummi,scientificworkplace,gummi
Wordpress,ZwiiCMS,wordpress,zwiicms
Cherwell,GLPI,cherwell,glpi
Microsoft Office,LibreOffice des écoles,microsoftoffice,libreofficedesecoles
Gmail,Tutanota,gmail,tutanota
HeavyM,MapMap,heavym,mapmap
Discord,Fosscord,discord,fosscord
Syracuse,PMB,syracuse,pmb
Wiki,Tracim,wiki,tracim
Google Search,Qwant,googlesearch,qwant
ip fire,DynFi Firewall,ipfire,dynfifirewall
Github,FusionForge,github,fusionforge
yamb,UniConvertor,yamb,uniconvertor
Trucrypt,Veracrypt,trucrypt,veracrypt
Maple,Maxima,maple,maxima
Google Sheets,EtherCalc,googlesheets,ethercalc
µTorrent,Deluge,utorrent,deluge
Diaspora,Friendica,diaspora,friendica
Banshee,Lollypop,banshee,lollypop
Adobe Animate CC,Synfig,adobeanimatecc,synfig
Facebook Messenger,Conversations,facebookmessenger,conversations
Dropbox,Cozy,dropbox,cozy
Blackboard,Chamilo,blackboard,chamilo
Github,Tuleap,github,tuleap
Google Drive,Cozy,googledrive,cozy
wekan,,wekan,
WhatsApp,Wire,whatsapp,wire
Lumi,,lumi,
TeamViewer,Remmina,teamviewer,remmina
Mail,Geary,mail,geary
Plex,Jellyfin,plex,jellyfin
imindmap,Freeplane,imindmap,freeplane
Gboard,Openboard,gboard,openboard
My Budget Book,My Expenses (Mes dépenses),mybudgetbook,myexpensesmesdepenses
Google Reader,FreshRSS,googlereader,freshrss
Docs To Go,LibreOffice Viewer,docstogo,libreofficeviewer
Samsung,Pine64,samsung,pine64
Netvibes,Miniflux,netvibes,miniflux
Microsoft OneDrive,Duplicati,microsoftonedrive,duplicati
Google Hangouts,Gajim,googlehangouts,gajim
trello,Wekan,trello,wekan
Google Maps,uMap,googlemaps,umap
MacOS,Arch Linux,macos,archlinux
vtiger,SuiteCRM,vtiger,suitecrm
BitComet,Deluge,bitcomet,deluge
blackbaud,CiviCRM,blackbaud,civicrm
Ninite,Framapack,ninite,framapack
Anchor,Castopod,anchor,castopod
Resolume Arena,MapMap,resolumearena,mapmap
Imgur,Lutim,imgur,lutim
Evernote,Joplin,evernote,joplin
Gboard,FlorisBoard,gboard,florisboard
Peregrine system (AssetCenter),GLPI,peregrinesystemassetcenter,glpi
Apple MDM,OCS Inventory,applemdm,ocsinventory
MindMeister,Freeplane,mindmeister,freeplane
Photos,Shotwell,photos,shotwell
msn,Movim,msn,movim
Create Booklet,Livret,createbooklet,livret
Sonal,Parlatype,sonal,parlatype
TeamViewer,RustDesk,teamviewer,rustdesk
Sinequanon,ZeGrapher,sinequanon,zegrapher
Sage,Dolibarr ERP CRM,sage,dolibarrerpcrm
Microsoft Edge,Otter,microsoftedge,otter
Microsoft Excel,EtherCalc,microsoftexcel,ethercalc
Microsoft Paint,Tux Paint,microsoftpaint,tuxpaint
Viber,Signal,viber,signal
µTorrent®,ruTorrent,utorrentr,rutorrent
Adobe Illustrator,GIMP,adobeillustrator,gimp
Facebook Messenger,Cwtch,facebookmessenger,cwtch
Zoom,BigBlueButton,zoom,bigbluebutton
Symyx Draw,Avogadro,symyxdraw,avogadro
Google groups,Agorakit,googlegroups,agorakit
Matlab,Scilab,matlab,scilab
Construct,GDevelop,construct,gdevelop
Google Docs,Sandstorm,googledocs,sandstorm
Microsoft Paint,Alchemy,microsoftpaint,alchemy
Adobe Illustrator,LibreOffice Draw,adobeillustrator,libreofficedraw
Pastebin,PrivateBin,pastebin,privatebin
Microsoft Windows,Parabola GNU/Linux,microsoftwindows,parabolagnulinux
Web Access Manager,LemonLDAP::NG,webaccessmanager,lemonldapng
Poser,MakeHuman,poser,makehuman
Netflix,Popcorn Time,netflix,popcorntime
Orcad,KiCAD,orcad,kicad
blogger,Writefreely,blogger,writefreely
Google Opera,Otter,googleopera,otter
Orphée,Bokeh,orphee,bokeh
DNSet,DNS66,dnset,dns66
Bitlocker,Veracrypt,bitlocker,veracrypt
Microsoft Edge,Midori,microsoftedge,midori
MasterEye,Veyon,mastereye,veyon
Netvibes,Tiny Tiny RSS,netvibes,tinytinyrss
Microsoft Windows,Trisquel GNU/Linux,microsoftwindows,trisquelgnulinux
µTorrent,Vuze,utorrent,vuze
Chrome,qutebrowser,chrome,qutebrowser
Xtorrent,Vuze,xtorrent,vuze
Microsoft PowerPoint,OnlyOffice,microsoftpowerpoint,onlyoffice
Google Agenda,Etar,googleagenda,etar
Adobe Acrobat Reader,Evince,adobeacrobatreader,evince
Heredis,Gramps,heredis,gramps
Affinity designer,GIMP UP,affinitydesigner,gimpup
,,,
Here,OsmAnd,here,osmand
enpass,KeeWeb,enpass,keeweb
Box,"cirrus : Cloud Intègre, Responsable et Résilient pour Utilisateurs Sagaces",box,cirruscloudintegreresponsableetresilientpourutilisateurssagaces
Encore,MuseScore,encore,musescore
Microsoft Outlook,Claws Mail,microsoftoutlook,clawsmail
MacOS,Linux Mint,macos,linuxmint
BCDI,Bokeh,bcdi,bokeh
SDL Trados,OmegaT,sdltrados,omegat
Goodvibes,Radio Tray,goodvibes,radiotray
My Budget Book,My Expenses (Mes dépenses),mybudgetbook,myexpensesmesdepenses
tenon.io,Pa11y,tenonio,pa11y
Notepad,Kakoune,notepad,kakoune
TubeMate,NewPipe,tubemate,newpipe
Internet Explorer,Firefox,internetexplorer,firefox
eedomus,Yadoms,eedomus,yadoms
Facebook,Dandelion*,facebook,dandelion
Services Google Play,microG Project,servicesgoogleplay,microgproject
Microsoft Edge,Pale Moon,microsoftedge,palemoon
Heredis,Ancestromania,heredis,ancestromania
activepresenter,Peek,activepresenter,peek
WinGenealogic,Gramps,wingenealogic,gramps
Microsoft Edge,Okular,microsoftedge,okular
µTorrent,Transmission,utorrent,transmission
Cinema 4D,MakeHuman,cinema4d,makehuman
Twitter,Twidere,twitter,twidere
TikTok,Proxitok,tiktok,proxitok
etc,savapage,etc,savapage
Twitter,Diaspora*,twitter,diaspora
Raspberry PI,OlinuXino,raspberrypi,olinuxino
Opera,Firefox,opera,firefox
Slack,Keybase,slack,keybase
Twitter,Yotter,twitter,yotter
Microsoft Windows,Aciah-Linux,microsoftwindows,aciahlinux
Opera,Dillo,opera,dillo
Warcraft,Wyrmsun,warcraft,wyrmsun
Feedly,Leed,feedly,leed
LostNet,NetGuard,lostnet,netguard
Maxthon,Otter,maxthon,otter
Maya,Blender,maya,blender
Google Maps,Qwant Maps,googlemaps,qwantmaps
Viber,Wire,viber,wire
Biodigital human,Z-Anatomy,biodigitalhuman,zanatomy
Adobe Illustrator,Krita,adobeillustrator,krita
Notepad,Neovim,notepad,neovim
trello,Tuleap,trello,tuleap
Librisoft,Abelujo,librisoft,abelujo
Facebook Messenger,Movim,facebookmessenger,movim
La ruche qui dit oui,Cagette,laruchequiditoui,cagette
Clevy,Tock,clevy,tock
QLab,Linux Show Player,qlab,linuxshowplayer
File Juggler,Dropit,filejuggler,dropit
Manga studio,Krita,mangastudio,krita
basta,QSpeakers,basta,qspeakers
Microsoft Paint,PhotoFlare,microsoftpaint,photoflare
Scrivener,KitScenarist,scrivener,kitscenarist
Facebook Messenger,Session,facebookmessenger,session
AirDroid,KDE Connect,airdroid,kdeconnect
Zone Alarm,Simplewall,zonealarm,simplewall
Windows Movie Maker,Flowblade,windowsmoviemaker,flowblade
MacOS,openSUSE,macos,opensuse
Heliaste,PERITO Open,heliaste,peritoopen
Sibelius,MuseScore,sibelius,musescore
OneNote,Tomboy,onenote,tomboy
La ruche qui dit oui,AMAPress,laruchequiditoui,amapress
WinSnap,ShareX,winsnap,sharex
3DF Zephyr,AliceVision Meshroom,3dfzephyr,alicevisionmeshroom
Nexuiz par Illfonic,Nexuiz,nexuizparillfonic,nexuiz
Mega,Plik,mega,plik
clone CD,carbone CD,clonecd,carbonecd
Youtube,Piped,youtube,piped
Nitro Reader,PDF Sam Basic,nitroreader,pdfsambasic
Google Chrome,luakit,googlechrome,luakit
Google Drive,Nextcloud,googledrive,nextcloud
Microsoft Windows,Debian GNU/Linux,microsoftwindows,debiangnulinux
UltraEdit,Neovim,ultraedit,neovim
Microsoft Word,Abiword,microsoftword,abiword
Google Drive,"cirrus : Cloud Intègre, Responsable et Résilient pour Utilisateurs Sagaces",googledrive,cirruscloudintegreresponsableetresilientpourutilisateurssagaces
Edt-soft,flopEDT,edtsoft,flopedt
Internet Explorer,QupZilla (Falkon),internetexplorer,qupzillafalkon
Freemake Audio Converter,fre:ac,freemakeaudioconverter,freac
Balotilo,GvoT,balotilo,gvot
Koken,Piwigo,koken,piwigo
Facebook Messenger,Conversations,facebookmessenger,conversations
Microsoft Windows,LineageOS,microsoftwindows,lineageos
opentime,Libertempo,opentime,libertempo
Notepad,vim,notepad,vim
Mindsay,Tock,mindsay,tock
wix,Dotclear,wix,dotclear
UltraEdit,vim,ultraedit,vim
iTunes,GPodder,itunes,gpodder
ComicRack,YACReader,comicrack,yacreader
Orphée,Koha,orphee,koha
MICROSOFT HYPER-V,ProxMox Virtual Environnement,microsofthyperv,proxmoxvirtualenvironnement
Dropbox,Nextcloud,dropbox,nextcloud
Ciel Associations,Dolibarr ERP CRM,cielassociations,dolibarrerpcrm
Lobste.rs,Lemmy,lobsters,lemmy
Windows Media Player,MPC-HC,windowsmediaplayer,mpchc
wix,GRAV,wix,grav
iMessage,Session,imessage,session
MyBrushes,MyPaint,mybrushes,mypaint
figgo,Libertempo,figgo,libertempo
Facebook Messenger,Signal,facebookmessenger,signal
kingdom rush,Anuto TD,kingdomrush,anutotd
Win Genealogic,Ancestris,wingenealogic,ancestris
WhatsApp,Cryptocat,whatsapp,cryptocat
FreemakeVideoConverter,Miro Video Converter,freemakevideoconverter,mirovideoconverter
4X,FreeOrion,4x,freeorion
Quake,Warsow,quake,warsow
imindmap,Minder,imindmap,minder
Microsoft Edge,luakit,microsoftedge,luakit
X-COM,UFO: Alien Invasion,xcom,ufoalieninvasion
Notepad,Geany,notepad,geany
Flora,Bokeh,flora,bokeh
Youtube,Invidious,youtube,invidious
Google Keep,Tiro Notes,googlekeep,tironotes
Siteminder,LemonLDAP::NG,siteminder,lemonldapng
Microsoft SwiftKey,FlorisBoard,microsoftswiftkey,florisboard
snapchat,Blabber.im,snapchat,blabberim
BitTorrent,ruTorrent,bittorrent,rutorrent
SyncBack,FullSync,syncback,fullsync
Adobe Photoshop,Krita,adobephotoshop,krita
Virtuoso Layout Suite,KLayout,virtuosolayoutsuite,klayout
MacOS,ReactOS,macos,reactos
MyBrushes,MyPaint,mybrushes,mypaint
Netop School,Veyon,netopschool,veyon
Wunderlist,Vikunja,wunderlist,vikunja
SCCM,OCS Inventory,sccm,ocsinventory
lastpass,KeePassDX,lastpass,keepassdx
Master of Orion,FreeOrion,masteroforion,freeorion
winzip,Peazip,winzip,peazip
Camstudio,Screencast Capture Lite,camstudio,screencastcapturelite
ANSYS Fluent,Code_Saturne,ansysfluent,codesaturne
TeamViewer,RemoteHelpBuilder,teamviewer,remotehelpbuilder
Google Reader,Leed,googlereader,leed
UltraEdit,Kate,ultraedit,kate
Microsoft VisualStudio,Lazarus,microsoftvisualstudio,lazarus
SABA,Chamilo,saba,chamilo
Apple Safari,Firefox,applesafari,firefox
reddit,Lemmy,reddit,lemmy
Mobiwol,NetGuard,mobiwol,netguard
MongoDB,ArangoDB,mongodb,arangodb
pointex,Pastèque,pointex,pasteque
Microsoft Edge,Chromium,microsoftedge,chromium
Automate Schedule,evQueue,automateschedule,evqueue
Exact Audio Copy,fre:ac,exactaudiocopy,freac
Outlook OWA,Framagenda,outlookowa,framagenda
Stellarium,Space Crafter,stellarium,spacecrafter
Legal suite,marica,legalsuite,marica
wix,WordPress,wix,wordpress
Matlab,GNU Scientific Library,matlab,gnuscientificlibrary
Vezér,i-score,vezer,iscore
Facebook,Movim,facebook,movim
Kleos,PERITO Open,kleos,peritoopen
Forza,Speed Dreams,forza,speeddreams
Google Traduction,SimplyTranslate,googletraduction,simplytranslate
bit.ly,rs-short,bitly,rsshort
Joomla,Deltacms,joomla,deltacms
Evernote,TiddlyWiki,evernote,tiddlywiki
Quicktime,Kodi,quicktime,kodi
Vivaldi,Tree Style Tab,vivaldi,treestyletab
Microsoft Office,Canoprof,microsoftoffice,canoprof
Dropbox,"cirrus : Cloud Intègre, Responsable et Résilient pour Utilisateurs Sagaces",dropbox,cirruscloudintegreresponsableetresilientpourutilisateurssagaces
Adobe Lightroom,DigiKam,adobelightroom,digikam
Microsoft Word,Topaze,microsoftword,topaze
Microsoft Excel,OnlyOffice,microsoftexcel,onlyoffice
Construct,Godot,construct,godot
Bakoma Tex,Gummi,bakomatex,gummi
Divalto,ERP ToManage,divalto,erptomanage
Chrome,surf,chrome,surf
Décalog,Bokeh,decalog,bokeh
Internet Explorer,Tor Browser,internetexplorer,torbrowser
Adobe Illustrator,Krita,adobeillustrator,krita
Skype,Jitsi,skype,jitsi
Google Opera,Pale Moon,googleopera,palemoon
Pusher,Kuzzle,pusher,kuzzle
Windows Live Mail,Roundcube,windowslivemail,roundcube
Notepad,Atom,notepad,atom
Livraddict,,livraddict,
microsoft team,Twake,microsoftteam,twake
Poedit,OmegaT,poedit,omegat
Google Docs,Nextcloud,googledocs,nextcloud
CanalPlay,Popcorn Time,canalplay,popcorntime
Windows Defender,ClamAV,windowsdefender,clamav
Google Hangouts,BigBlueButton,googlehangouts,bigbluebutton
uTorrent Remote,Transdroid,utorrentremote,transdroid
Microsoft SQL Server,MySQL,microsoftsqlserver,mysql
Picasa,Fotowall,picasa,fotowall
time machine,Seafile,timemachine,seafile
Pastebin,ZeroBin,pastebin,zerobin
Chrome,Midori,chrome,midori
3D4Medical,Z-Anatomy,3d4medical,zanatomy
Manao,,manao,
Hérédis,Ancestris,heredis,ancestris
Plex,Kodi,plex,kodi
Google Play,F-Droid,googleplay,fdroid
Flickr,Lychee,flickr,lychee
placedeslibraires.fr,ABStock,placedeslibrairesfr,abstock
Final Cut,Kdenlive,finalcut,kdenlive
PDF-XChange,PDF Sam Basic,pdfxchange,pdfsambasic
Youtube,Yotter,youtube,yotter
Disney +,Popcorn Time,disney,popcorntime
Microsoft Paint,MyPaint,microsoftpaint,mypaint
MP3tag,MusicBrainz Picard,mp3tag,musicbrainzpicard
UltraISO,WinCDEmu,ultraiso,wincdemu
Toonz,Opentoonz (édition Morevna),toonz,opentoonzeditionmorevna
Microsoft Money,Kresus,microsoftmoney,kresus
QuarkXPress,Scribus,quarkxpress,scribus
Desmos,ZeGrapher,desmos,zegrapher
Youtube,NewPipe,youtube,newpipe
DAEMON Tools,WinCDEmu,daemontools,wincdemu
Adobe Lightroom,RawTherapee,adobelightroom,rawtherapee
Meetup,Mobilizon,meetup,mobilizon
MediaCoder,File Converter,mediacoder,fileconverter
Hazel,Dropit,hazel,dropit
eXeLearning,LUMI,exelearning,lumi
Skype,Brie.fi/ng,skype,briefing
Microsoft Paint,LibreOffice Draw,microsoftpaint,libreofficedraw
Vivaldi,Chromium,vivaldi,chromium
Sublime Text,Kate,sublimetext,kate
Facebook,Agora-Project,facebook,agoraproject
GameMaker Studio,GDevelop,gamemakerstudio,gdevelop
Watson,Tock,watson,tock
Dropbox,Duplicati,dropbox,duplicati
Vuze,FrostWire,vuze,frostwire
Hacker News,Lemmy,hackernews,lemmy
Feedly,Miniflux,feedly,miniflux
Orphéa,Piwigo,orphea,piwigo
Google Chrome,Otter,googlechrome,otter
Rhythmbox,Lollypop,rhythmbox,lollypop
Chauffage,Poêle de masse Oxalis,chauffage,poeledemasseoxalis
Adblock Plus,uBlock Origin,adblockplus,ublockorigin
Sublime Text,Brackets,sublimetext,brackets
AdBlocker Ultimate,uBlock Origin,adblockerultimate,ublockorigin
WhatsApp,Cwtch,whatsapp,cwtch
BCDI,Koha,bcdi,koha
EDT,flopEDT,edt,flopedt
Microsoft Office,Opale,microsoftoffice,opale
logiquiz,,logiquiz,
Windows Media Player,Smplayer,windowsmediaplayer,smplayer
Feedly,QuiteRSS,feedly,quiterss
jdc,Pastèque,jdc,pasteque
Facebook,Communecter,facebook,communecter
outils agricoles industriels,Open Source Ecology,outilsagricolesindustriels,opensourceecology
PastPerfect,Omeka,pastperfect,omeka
Google Chrome,Falkon,googlechrome,falkon
Xsplit,Kazam,xsplit,kazam
WinSnap,ScreenCloud,winsnap,screencloud
TrixCMS,,trixcms,
disqus,utterances,disqus,utterances
stormshield,DynFi Firewall,stormshield,dynfifirewall
MaxQDA,QualCoder,maxqda,qualcoder
zoho vault,passbolt,zohovault,passbolt
Jekyll,,jekyll,
Facebook Messenger,Telegram,facebookmessenger,telegram
eXeLearning,Logiquiz,exelearning,logiquiz
TYPO,MODx,typo,modx
Medium,Plume,medium,plume
Google Analytics,Dolomon,googleanalytics,dolomon
Facebook Messenger,Cryptocat,facebookmessenger,cryptocat
Microsoft Paint,LibreOffice Draw,microsoftpaint,libreofficedraw
DB2,PostgreSQL,db2,postgresql
Google Keep,QOwnNotes,googlekeep,qownnotes
Mega,Duplicati,mega,duplicati
CDBurnerXP,Burn,cdburnerxp,burn
ultra vnc,Remmina,ultravnc,remmina
Notepad,Neovim,notepad,neovim
OfficeSuite,LibreOffice Viewer,officesuite,libreofficeviewer
ip fire,DynFi Firewall,ipfire,dynfifirewall
Formatfactory,Miro Video Converter,formatfactory,mirovideoconverter
Google Chrome,Tor Browser,googlechrome,torbrowser
Xiti,Plausible Analycics,xiti,plausibleanalycics
dashlane,KeePassDX,dashlane,keepassdx
FileHippo App Manager,Just-install,filehippoappmanager,justinstall
novamind,Minder,novamind,minder
blogger,Spip,blogger,spip
Ivanti,GLPI,ivanti,glpi
CDisplay,YACReader,cdisplay,yacreader
Alfred,Kupfer,alfred,kupfer
Steam,Lutris,steam,lutris
personal brain,Vym,personalbrain,vym
Orphée,PMB,orphee,pmb
Google Keep,Carnet,googlekeep,carnet
Autodesk 3ds Max,Wings 3D,autodesk3dsmax,wings3d
Hugo,,hugo,
Google Agenda,Framagenda,googleagenda,framagenda
Messenger,Silence,messenger,silence
Evernote,Brainstorm,evernote,brainstorm
Google Contacts,Simple Contacts Pro,googlecontacts,simplecontactspro
Eagle,KiCAD,eagle,kicad
UltraEdit,Notepad++,ultraedit,notepad
Facebook Messenger,Telegram,facebookmessenger,telegram
Skype,BigBlueButton,skype,bigbluebutton
Microsoft SQL Server,PostgreSQL,microsoftsqlserver,postgresql
VMWARE,DarkMoon,vmware,darkmoon
Metashape,AliceVision Meshroom,metashape,alicevisionmeshroom
360Learning,Claroline Connect,360learning,clarolineconnect
The Settlers,Widelands,thesettlers,widelands
Internet Explorer,Beaker,internetexplorer,beaker
Monday,OpenProject,monday,openproject
Back4App,Kuzzle,back4app,kuzzle
Internet Explorer,QupZilla (Falkon),internetexplorer,qupzillafalkon
Civilization,Freeciv,civilization,freeciv
UltraEdit,vim,ultraedit,vim
Picasa,DigiKam,picasa,digikam
wrike,system-d.org,wrike,systemdorg
Unity3D,GDevelop,unity3d,gdevelop
Internet Explorer,Cliqz,internetexplorer,cliqz
VideoProc,Transmageddon,videoproc,transmageddon
mindjet,Minder,mindjet,minder
Microsoft Windows,Redox,microsoftwindows,redox
Sage Ciel Cegid,compta.libremen.com,sagecielcegid,comptalibremencom
Décalog,Koha,decalog,koha
Anki,LUMI,anki,lumi
Windows Media Player,Audacious,windowsmediaplayer,audacious
Command & Conquer,Warzone 2100,commandconquer,warzone2100
Padlet,wopits,padlet,wopits
Google Authenticator,FreeOTP,googleauthenticator,freeotp
Evernote,marknotes,evernote,marknotes
AdBlock,uBlock Origin,adblock,ublockorigin
Marketo,Mautic,marketo,mautic
Skype,Wire,skype,wire
Apple iPhoto,darktable,appleiphoto,darktable
LaunchBar,Kupfer,launchbar,kupfer
Windows Mail,Interlink Mail & News,windowsmail,interlinkmailnews
Notepad,vim,notepad,vim
Videofutur,Popcorn Time,videofutur,popcorntime
ZeroBin,PrivateBin,zerobin,privatebin
Shadows,Cadsol,shadows,cadsol
Solaris,Solus,solaris,solus
Evernote,ZIM,evernote,zim
Twitter,Mastodon,twitter,mastodon
Cubase,Rosegarden,cubase,rosegarden
MacOS,elementary OS,macos,elementaryos
CIEL,Tryton,ciel,tryton
Google Docs,LimeSurvey,googledocs,limesurvey
dashlane,KeeWeb,dashlane,keeweb
reddit,Lemmy,reddit,lemmy
SAS,Rstudio,sas,rstudio
Azure Bot Service,Tock,azurebotservice,tock
Microsoft Windows,Lubuntu,microsoftwindows,lubuntu
Google Drive,Syncthing,googledrive,syncthing
Tetris Attack!,Crack-attack,tetrisattack,crackattack
TeamViewer,X2Go,teamviewer,x2go
Apple Safari,surf,applesafari,surf
feedreader,QuiteRSS,feedreader,quiterss
Monnaie dette : Euro,Duniter,monnaiedetteeuro,duniter
Adobe Premiere,Flowblade,adobepremiere,flowblade
Flora,Koha,flora,koha
WhatsApp,Conversations,whatsapp,conversations
Microsoft Office,OOo4Kids,microsoftoffice,ooo4kids
yopmail.com,erine.email,yopmailcom,erineemail
WSL,DarkMoon,wsl,darkmoon
Google Cardboard,Relativ : un casque de réalité virtuelle DIY,googlecardboard,relativuncasquederealitevirtuellediy
UltraEdit,Notepad++,ultraedit,notepad
curiouscat,Retrospring,curiouscat,retrospring
polarion,Tuleap,polarion,tuleap
Paint.net,Tux Paint,paintnet,tuxpaint
Dropbox,Agorakit,dropbox,agorakit
Email,FairEmail,email,fairemail
One Drive,Nextcloud,onedrive,nextcloud
Launchy,Wox,launchy,wox
Feedly,Flym News Reader,feedly,flymnewsreader
eXeLearning,LUMI,exelearning,lumi
Tous Comptes Faits,MoneyManager Ex,touscomptesfaits,moneymanagerex
Opera,Brave,opera,brave
Adobe Photoshop,PhotoFlare,adobephotoshop,photoflare
delicious,Shaarli,delicious,shaarli
Slack,Mattermost,slack,mattermost
Tabletopia,Air Board Game,tabletopia,airboardgame
One Drive,Owncloud,onedrive,owncloud
Microsoft Word,Etherpad,microsoftword,etherpad
Microsoft To-Do,Todo.txt,microsofttodo,todotxt
WhatsApp,Dino,whatsapp,dino
Finale,MuseScore,finale,musescore
Google Chrome,QupZilla (Falkon),googlechrome,qupzillafalkon
Internet Explorer,Pale Moon,internetexplorer,palemoon
Google Drive,Owncloud,googledrive,owncloud
Nero,InfraRecorder,nero,infrarecorder
Paint.net,Alchemy,paintnet,alchemy
Microsoft Windows,Afrikalan,microsoftwindows,afrikalan
Microsoft Dynamics,Tryton,microsoftdynamics,tryton
trello,Kanboard,trello,kanboard
mint,Kresus,mint,kresus
Microsoft Project,ProjectLibre,microsoftproject,projectlibre
Soundcloud,Castopod,soundcloud,castopod
Skype,Tox,skype,tox
google shopping,eco-achat.fr,googleshopping,ecoachatfr
Microsoft Windows,Arch Linux,microsoftwindows,archlinux
Wunderlist,Todo.txt,wunderlist,todotxt
Google Talk,Cryptocat,googletalk,cryptocat
iMovie,Pitivi,imovie,pitivi
TypingMaster Pro,Klavaro,typingmasterpro,klavaro
Pingdom,Monitoshi,pingdom,monitoshi
Google Drive,Seafile,googledrive,seafile
crazymailing.com,erine.email,crazymailingcom,erineemail
1Money,My Expenses (Mes dépenses),1money,myexpensesmesdepenses
Cyclos,Kohinos,cyclos,kohinos
AdBlocker for YouTube™,uBlock Origin,adblockerforyoutubetm,ublockorigin
Blogspot,Soosyze,blogspot,soosyze
Win'Design,Katyusha! MCD,windesign,katyushamcd
EndNote,JabRef,endnote,jabref
Basecamp,OpenProject,basecamp,openproject
Google Hangouts,Silence,googlehangouts,silence
Google Chrome,Cliqz,googlechrome,cliqz
LANDESK management suite,WAPT,landeskmanagementsuite,wapt
MariaDB,MySQL,mariadb,mysql
ImageShack,Lutim,imageshack,lutim
Facebook Messenger,Movim,facebookmessenger,movim
X-Plane,Flightgear,xplane,flightgear
Worms,Hedgewars,worms,hedgewars
F-Secure,ClamAV,fsecure,clamav
FreemakeVideoConverter,File Converter,freemakevideoconverter,fileconverter
exactonline,Noalyss,exactonline,noalyss
Unity3D,Godot,unity3d,godot
MacOS,Fedora,macos,fedora
pfsense,DynFi Firewall,pfsense,dynfifirewall
Microsoft Paint,LazPaint,microsoftpaint,lazpaint
Adobe Acrobat DC,PDFtk,adobeacrobatdc,pdftk
spamgourmet,erine.email,spamgourmet,erineemail
Syracuse,Waterbear,syracuse,waterbear
Windows Media Player,Kodi,windowsmediaplayer,kodi
Magma,SageMath,magma,sagemath
PubNub,Kuzzle,pubnub,kuzzle
Google Apps,Nextcloud,googleapps,nextcloud
Microsoft Paint,Tux Paint,microsoftpaint,tuxpaint
RagTime,Scribus,ragtime,scribus
AdGuard AdBlocker,uBlock Origin,adguardadblocker,ublockorigin
Stata,Rstudio,stata,rstudio
Apple Photo,darktable,applephoto,darktable
hiboutik,Pastèque,hiboutik,pasteque
dBpoweramp,fre:ac,dbpoweramp,freac
iMessage,Signal,imessage,signal
Neo4j,ArangoDB,neo4j,arangodb
Nero,Brasero,nero,brasero
Max/MSP,i-score,maxmsp,iscore
Internet Explorer,Midori,internetexplorer,midori
Mindomo,Freeplane,mindomo,freeplane
ANSYS CFX,Code_Saturne,ansyscfx,codesaturne
SharePoint,Plone,sharepoint,plone
snagip,Greenshot,snagip,greenshot
Dollar Universe,evQueue,dollaruniverse,evqueue
FidMe,Loyalty Card Keychain,fidme,loyaltycardkeychain
Hacker News,Lemmy,hackernews,lemmy
Twitter,Tusky,twitter,tusky
Adobe Premiere,Cinelerra,adobepremiere,cinelerra
Microsoft Office,LibreOffice,microsoftoffice,libreoffice
ios,/e/,ios,e
iMessage,Silence,imessage,silence
Samanage,OCS Inventory,samanage,ocsinventory
Winamax,PokerTH,winamax,pokerth
Windows Media Player,VLC,windowsmediaplayer,vlc
Cap Collectif,Decidim,capcollectif,decidim
tactill,Pastèque,tactill,pasteque
OPNsense,OpenWrt,opnsense,openwrt
Lobste.rs,Lemmy,lobsters,lemmy
Formatfactory,HandBrake,formatfactory,handbrake
UltraEdit,GNU Emacs,ultraedit,gnuemacs
tabletop simulator,Air Board Game,tabletopsimulator,airboardgame
Paint.net,LazPaint,paintnet,lazpaint
SoZi,Strut,sozi,strut
Google calendar,Agora-Project,googlecalendar,agoraproject
Radikal Darts,pyDarts,radikaldarts,pydarts
Alcohol,WinCDEmu,alcohol,wincdemu
trello,Tracim,trello,tracim
WhatsApp,Signal,whatsapp,signal
GoodNotes,Xournal++,goodnotes,xournal
Boardgamearena,Air Board Game,boardgamearena,airboardgame
SAS,R,sas,r
Anki,LUMI,anki,lumi
Netvibes,FreshRSS,netvibes,freshrss
Mega,"cirrus : Cloud Intègre, Responsable et Résilient pour Utilisateurs Sagaces",mega,cirruscloudintegreresponsableetresilientpourutilisateurssagaces
Opera,Otter,opera,otter
Adobe Premiere,Kdenlive,adobepremiere,kdenlive
Adobe XD,Pencil Project,adobexd,pencilproject
Opera,QupZilla (Falkon),opera,qupzillafalkon
Reaper,Qtractor,reaper,qtractor
Anchor,Castopod,anchor,castopod
JAMS,evQueue,jams,evqueue
Google Forms,Kobo Toolbox,googleforms,kobotoolbox
Encore,LilyPond,encore,lilypond
BCDI,PMB,bcdi,pmb
Shadows,Cadsol,shadows,cadsol
Microsoft To-Do,Vikunja,microsofttodo,vikunja
Mindsay,Tock,mindsay,tock
Microsoft Windows,ReactOS,microsoftwindows,reactos
Netsupport,Veyon,netsupport,veyon
Dropbox,QDRep,dropbox,qdrep
VirtualDJ,Mixxx,virtualdj,mixxx
MacOS,Emmabuntüs,macos,emmabuntus
Kapersky Software Updater,Just-install,kaperskysoftwareupdater,justinstall
screenpresso,Peek,screenpresso,peek
Gmail,K-9 Mail,gmail,k9mail
Messenger,Session,messenger,session
Odoo,Kohinos,odoo,kohinos
Diigo,Shaarli,diigo,shaarli
Mega,Minio,mega,minio
Transifex,Pootle,transifex,pootle
Sublime Text,Kakoune,sublimetext,kakoune
ChemDraw,Avogadro,chemdraw,avogadro
LaunchBar,Launchy,launchbar,launchy
Microsoft Windows,PrimTux,microsoftwindows,primtux
OneNote,Xournal++,onenote,xournal
Quake 3 Arena,Warsow,quake3arena,warsow
Ghostery,uBlock Origin,ghostery,ublockorigin
Nero,K3b,nero,k3b
WhatsApp,Brie.fi/ng,whatsapp,briefing
Vanilla,AsmBB,vanilla,asmbb
MoonEdit,Gobby,moonedit,gobby
Crossknowledge,Chamilo,crossknowledge,chamilo
iZyFrais,DoliSCAN,izyfrais,doliscan
Adobe After Effects,Natron,adobeaftereffects,natron
Syracuse,Bokeh,syracuse,bokeh
Simulink,Scilab,simulink,scilab
Co-libris,Bokeh,colibris,bokeh
IncrediMail,Interlink Mail & News,incredimail,interlinkmailnews
Nero,Burn,nero,burn
Adobe Photoshop,GIMP UP,adobephotoshop,gimpup
The Archive,Zettlr,thearchive,zettlr
1password,KeeWeb,1password,keeweb
EBP,Tryton,ebp,tryton
Opera,luakit,opera,luakit
Généatique,Ancestris,geneatique,ancestris
blogger,WordPress,blogger,wordpress
Microsoft Outlook,Interlink Mail & News,microsoftoutlook,interlinkmailnews
Samanage,OCS Inventory,samanage,ocsinventory
Skype,Galène,skype,galene
McAfee,Simplewall,mcafee,simplewall
CCleaner,BleachBit,ccleaner,bleachbit
Gran Turismo,Speed Dreams,granturismo,speeddreams
lastpass,KeePassDroid,lastpass,keepassdroid
Mathematiqua,Maxima,mathematiqua,maxima
Microsoft Outlook,OwaNotifier,microsoftoutlook,owanotifier
Screencast-o-matic,vokoscreenNG,screencastomatic,vokoscreenng
google shopping,eco-achat.fr,googleshopping,ecoachatfr
Box,"cirrus : Cloud Intègre, Responsable et Résilient pour Utilisateurs Sagaces",box,cirruscloudintegreresponsableetresilientpourutilisateurssagaces
Ulysses,Zettlr,ulysses,zettlr
Microsoft Paint,Alchemy,microsoftpaint,alchemy
Lydia,Silkaj,lydia,silkaj
Waze,OsmAnd,waze,osmand
1password,KeePass,1password,keepass
lastpass,LessPass,lastpass,lesspass
Viber,Silence,viber,silence
Quicken,Yapbam,quicken,yapbam
spamgourmet,emailPoubelle,spamgourmet,emailpoubelle
Application Courrier (Windows 10),Interlink Mail & News,applicationcourrierwindows10,interlinkmailnews
Syracuse,Koha,syracuse,koha
Slack,Element.io (ex Riot.im),slack,elementioexriotim
Windows Media Player,VLC,windowsmediaplayer,vlc
lastpass,passbolt,lastpass,passbolt
Watson,Tock,watson,tock
linxo,Kresus,linxo,kresus
Snagit,ScreenCloud,snagit,screencloud
trello,Kandesk,trello,kandesk
Windows Media Player,mpv,windowsmediaplayer,mpv
time machine,Borg,timemachine,borg
doctolib,easyappointments,doctolib,easyappointments
Opera,Tor Browser,opera,torbrowser
Microsoft Project,Gnome Planner,microsoftproject,gnomeplanner
Microsoft Windows,CentOs,microsoftwindows,centos
Adobe Animate CC,Tupi,adobeanimatecc,tupi
Slack,MongooseIM,slack,mongooseim
Sage,Gadael,sage,gadael
Mullvad,ZeroNet,mullvad,zeronet
Google Reader,Miniflux,googlereader,miniflux
Notepad,Brackets,notepad,brackets
Evernote,Cherrytree,evernote,cherrytree
iMovie,Flowblade,imovie,flowblade
Slack,Zulip,slack,zulip
Google Hangouts,Jitsi,googlehangouts,jitsi
tweetdeck,Twidere,tweetdeck,twidere
budgea,Kresus,budgea,kresus
Bankin,Kresus,bankin,kresus
Vectr,Inkscape,vectr,inkscape
Little Snitch,Lulu,littlesnitch,lulu
WhatsApp,Session,whatsapp,session
Google Play Store,Aurora Store,googleplaystore,aurorastore
Mega,Seafile,mega,seafile
Adobe Acrobat DC,PDF Mod,adobeacrobatdc,pdfmod
Google Slides,LibreOffice Impress,googleslides,libreofficeimpress
Google calendar,Rapla,googlecalendar,rapla
WhatsApp,MongooseIM,whatsapp,mongooseim
locize,Weblate,locize,weblate
Ninite,Just-install,ninite,justinstall
wix,Soosyze,wix,soosyze
Apple Final Cut,Cinelerra,applefinalcut,cinelerra
Jekyll,,jekyll,
Imgur,Jirafeau,imgur,jirafeau
Zoom,Galène,zoom,galene
Microsoft Edge,Tor Browser,microsoftedge,torbrowser
Invision Community,FluxBB,invisioncommunity,fluxbb
StatusHub,Cachet,statushub,cachet
vBulletin,Flarum,vbulletin,flarum
Snapseed,Pocket Paint,snapseed,pocketpaint
Skype,Dino,skype,dino
Co-libris,PMB,colibris,pmb
Google Chrome,Dillo,googlechrome,dillo
Microsoft Outlook,Geary,microsoftoutlook,geary
EBP,OpenConcerto,ebp,openconcerto
nvALT,Zettlr,nvalt,zettlr
Pro Tools,Ardour,protools,ardour
winbook,Noalyss,winbook,noalyss
iWork,OOo4Kids,iwork,ooo4kids
lalibrairie.com,ABStock,lalibrairiecom,abstock
iTunes,Clementine,itunes,clementine
Phone to PC,Wammu,phonetopc,wammu
Astro,Amaze,astro,amaze
Twitter,Dandelion*,twitter,dandelion
Wink,vokoscreenNG,wink,vokoscreenng
Brackets,Atom,brackets,atom
Adobe InDesign,Scribus,adobeindesign,scribus
Biodigital human,Z-Anatomy,biodigitalhuman,zanatomy
Oracle Database,MariaDB,oracledatabase,mariadb
Azure Bot Service,Tock,azurebotservice,tock
UQLab,OpenTURNS,uqlab,openturns
Avast,Simplewall,avast,simplewall
Odoo,Dolibarr ERP CRM,odoo,dolibarrerpcrm
MariaDB,PostgreSQL,mariadb,postgresql
atland,ekylibre,atland,ekylibre
winisd,QSpeakers,winisd,qspeakers
Yahoo,Spot,yahoo,spot
curiouscat.qa,Retrospring,curiouscatqa,retrospring
weebly,Silex,weebly,silex
Finale,LilyPond,finale,lilypond
Win Family,Ancestris,winfamily,ancestris
TuDee,Tiled,tudee,tiled
SQL Server Management Studio (SSMS),HeidiSQL,sqlservermanagementstudiossms,heidisql
tempomail,emailPoubelle,tempomail,emailpoubelle
Cyclos,Kohinos,cyclos,kohinos
Myspace,Diaspora*,myspace,diaspora
Project CARS,Speed Dreams,projectcars,speeddreams
Adobe Lightroom,darktable,adobelightroom,darktable
TMPGENC,UniConvertor,tmpgenc,uniconvertor
XenForo,AsmBB,xenforo,asmbb
SyncBack,Grsync,syncback,grsync
Internet Explorer,Midori,internetexplorer,midori
msn,Session,msn,session
SalesFusion,Mautic,salesfusion,mautic
Dropbox,Syncthing,dropbox,syncthing
Multiplay,Linux Show Player,multiplay,linuxshowplayer
Microsoft Office,LibreOffice,microsoftoffice,libreoffice
DELL Kace,WAPT,dellkace,wapt
maxima,XCas,maxima,xcas
CIEL,OpenConcerto,ciel,openconcerto
GoodNotes,Xournal++,goodnotes,xournal
mindjet,Vym,mindjet,vym
Skype,Linphone,skype,linphone
TikTok,Goldfish,tiktok,goldfish
Office 365,EtherCalc,office365,ethercalc
Discord,Revolt,discord,revolt
Notepad,FocusWriter,notepad,focuswriter
WhatsApp,Telegram,whatsapp,telegram
synthèse logique RTL,Yosys,syntheselogiquertl,yosys
Cubase,Qtractor,cubase,qtractor
UltraEdit,Kate,ultraedit,kate
Biodigital human,Z-Anatomy,biodigitalhuman,zanatomy
OneNote,QOwnNotes,onenote,qownnotes
Twitter,Fedilab,twitter,fedilab
wavesoft,ERP ToManage,wavesoft,erptomanage
ArtMoney,GameConqueror,artmoney,gameconqueror
ArcGIS,Abc-Map,arcgis,abcmap
Google Chrome,Midori,googlechrome,midori
MacOS,Pop!_OS,macos,popos
Adobe Illustrator,LibreOffice Draw,adobeillustrator,libreofficedraw
Windows Media Player,Kodi,windowsmediaplayer,kodi
Visio,Brie.fi/ng,visio,briefing
balsamiq,Pencil Project,balsamiq,pencilproject
Lucidchart,Excalidraw,lucidchart,excalidraw
Xsplit,OBS studio,xsplit,obsstudio
Orphea,Omeka,orphea,omeka
Microsoft Word,FocusWriter,microsoftword,focuswriter
vBulletin,AsmBB,vbulletin,asmbb
Feedly,Fox - Lecteur RSS,feedly,foxlecteurrss
MacOS,Mageia,macos,mageia
Co-libris,Waterbear,colibris,waterbear
Autodesk 3ds Max,Blender,autodesk3dsmax,blender
Apple,Pine64,apple,pine64
Décalog,Waterbear,decalog,waterbear
Google Maps,GoGoCarto,googlemaps,gogocarto
Foxit Reader,PDF Sam Basic,foxitreader,pdfsambasic
G Suite,EtherCalc,gsuite,ethercalc
Simulink,MuPhyN,simulink,muphyn
One Drive,Cozy,onedrive,cozy
Epic Games Launcher,Playnite,epicgameslauncher,playnite
Google Maps,Openrouteservice,googlemaps,openrouteservice
Emjysoft Photo d'identité,Phoyo-id,emjysoftphotodidentite,phoyoid
Google Slides,Strut,googleslides,strut
Medium,Writefreely,medium,writefreely
Coelix,Celestia,coelix,celestia
nationbuilder,CiviCRM,nationbuilder,civicrm
Metashape,AliceVision Meshroom,metashape,alicevisionmeshroom
Microsoft Office,Scenari,microsoftoffice,scenari
MDL ISIS Draw,Avogadro,mdlisisdraw,avogadro
ios,LineageOS,ios,lineageos
Readability,wallabag,readability,wallabag
MiracleType,Klavaro,miracletype,klavaro
Formatfactory,Sound Converter,formatfactory,soundconverter
Flash (animation),Synfig,flashanimation,synfig
Microsoft Word,LyX,microsoftword,lyx
Microsoft Windows,Ubuntu Studio,microsoftwindows,ubuntustudio
360Learning,Chamilo,360learning,chamilo
Microsoft VisualStudio,vim,microsoftvisualstudio,vim
Adobe Encore,DVDStyler,adobeencore,dvdstyler
PowerAMC,AnalyseSI,poweramc,analysesi
DeepL,SimplyTranslate,deepl,simplytranslate
Altium Designer,KiCAD,altiumdesigner,kicad
Ableton Live,Ardour,abletonlive,ardour
Steam,GNOME Games,steam,gnomegames
PC studio,Wammu,pcstudio,wammu
1password,KeePassDX,1password,keepassdx
Meddle,Asap,meddle,asap
lastpass,KeePass,lastpass,keepass
Airtable,Baserow,airtable,baserow
Twilight,Red Moon,twilight,redmoon
Apple Aperture,darktable,appleaperture,darktable
MacOS,Debian GNU/Linux,macos,debiangnulinux
MediaCoder,fre:ac,mediacoder,freac
MacOS,Manjaro Linux,macos,manjarolinux
Max For Live,Pure Data,maxforlive,puredata
Virtual CloneDrive,WinCDEmu,virtualclonedrive,wincdemu
Skype,Jami,skype,jami
Notepad,Atom,notepad,atom
personal brain,Goozzee,personalbrain,goozzee
tickboss,Pretix,tickboss,pretix
Facebook,Framasphère,facebook,framasphere
1password,LessPass,1password,lesspass
ApowerMirror,,apowermirror,
Sign&Go,LemonLDAP::NG,signgo,lemonldapng
3D4Medical,Z-Anatomy,3d4medical,zanatomy
Visible Body,Z-Anatomy,visiblebody,zanatomy
Sage,Tryton,sage,tryton
easyquorum,GvoT,easyquorum,gvot
OpenProject,,openproject,
imindmap,Vym,imindmap,vym
Notepad,Brackets,notepad,brackets
MacOS,Parabola GNU/Linux,macos,parabolagnulinux
Matlab,Chapel,matlab,chapel
trello,Lessy,trello,lessy
Sonar,Qtractor,sonar,qtractor
BitComet,Vuze,bitcomet,vuze
iTALC,Veyon,italc,veyon
Nero,Rufus,nero,rufus
WeChat,Silence,wechat,silence
dashlane,passbolt,dashlane,passbolt
iWork,LibreOffice,iwork,libreoffice
Facebook,Hubzilla,facebook,hubzilla
Adobe Bridge,darktable,adobebridge,darktable
Microsoft Paint,LazPaint,microsoftpaint,lazpaint
Internet Explorer,Dillo,internetexplorer,dillo
Odoo Enterprise Edition,Dolibarr ERP CRM,odooenterpriseedition,dolibarrerpcrm
Microsoft PowerPoint,MARP,microsoftpowerpoint,marp
jetable.org,emailPoubelle,jetableorg,emailpoubelle
Microsoft Windows,Linux Mint,microsoftwindows,linuxmint
agreo,ekylibre,agreo,ekylibre
Snapseed,Pocket Paint,snapseed,pocketpaint
COMSOL Multiphysics,gprMax,comsolmultiphysics,gprmax
Sibelius,LilyPond,sibelius,lilypond
Yahoo! Mail,Roundcube,yahoomail,roundcube
Adobe Acrobat Reader,Xournal++,adobeacrobatreader,xournal
Microsoft PowerPoint,Canoprof,microsoftpowerpoint,canoprof
Soundcloud,NewPipe,soundcloud,newpipe
Plickers,VotAR,plickers,votar
